<?xml version="1.0" encoding="UTF-8"?>
<beans xmlns="http://www.springframework.org/schema/beans"
	xmlns:xsi="http://www.w3.org/2001/XMLSchema-instance"
	xmlns:context="http://www.springframework.org/schema/context"
	xsi:schemaLocation="http://www.springframework.org/schema/beans http://www.springframework.org/schema/beans/spring-beans.xsd
		http://www.springframework.org/schema/context http://www.springframework.org/schema/context/spring-context-4.3.xsd">

<!-- 공통 DB작업  -->
<!-- 
<bean id="driverManagerDataSource"  class="org.springframework.jdbc.datasource.DriverManagerDataSource">
 	<property name="driverClassName" value="oracle.jdbc.driver.OracleDriver"></property>
 	<property name="url"             value="jdbc:oracle:thin:@localhost:1521:xe"></property>
 	<property name="username"        value="springuser"></property>
 	<property name="password"        value="1004"></property>
 </bean>
 -->
 <!-- 로그만 찍기 
  <bean id="driverManagerDataSource"  class="org.springframework.jdbc.datasource.DriverManagerDataSource">
 	<property name="driverClassName" value="net.sf.log4jdbc.sql.jdbcapi.DriverSpy" />
 	<property name="url" value="jdbc:log4jdbc:oracle:thin:@localhost:1521:XE" />
 	<property name="username"        value="springuser"></property>
 	<property name="password"        value="1004"></property>
 </bean>
  -->
  <!-- 히카리만 사용 (히카리를 사용하게 되면 jdbcUrl로 바뀜)
 <bean id="hikariConfig" class="com.zaxxer.hikari.HikariConfig">
 	<property name="driverClassName" value="oracle.jdbc.driver.OracleDriver"></property>
 	<property name="jdbcUrl"         value="jdbc:oracle:thin:@localhost:1521:xe"></property>
 	<property name="username"        value="springuser"></property>
 	<property name="password"        value="1004"></property>
 </bean> 
   -->
   <!-- 히카리랑 로그 같이 사용 -->
 <bean id="hikariConfig" class="com.zaxxer.hikari.HikariConfig">
 	<property name="driverClassName" value="net.sf.log4jdbc.sql.jdbcapi.DriverSpy"></property>
 	<property name="jdbcUrl"         value="jdbc:log4jdbc:oracle:thin:@localhost:1521:XE"></property>
 	<property name="username"        value="springuser"></property>
 	<property name="password"        value="1004"></property>
 </bean> 
 <bean id="driverManagerDataSource" class="com.zaxxer.hikari.HikariDataSource" destroy-method="close">
		<constructor-arg ref="hikariConfig"></constructor-arg>
 </bean>
  
 <!-- JDBC Template -->
 <bean id=""  class="org.springframework.jdbc.core.JdbcTemplate">
 	<property name="dataSource"  ref="driverManagerDataSource" />
 </bean> 

<!-- MyBatis 설정하기 -->
<bean id="sqlSessionFactoryBean"  class="org.mybatis.spring.SqlSessionFactoryBean">
    <property name="dataSource" ref="driverManagerDataSource"></property>
    <property name="mapperLocations" value="classpath*:mapper/*xml" />
</bean> 

 <bean id="sqlSession" class="org.mybatis.spring.SqlSessionTemplate">
  <constructor-arg index="0" ref="sqlSessionFactoryBean"/>
 </bean>
 
<!-- 공통 UI -->
<bean id="internalResourceViewResolver" class="org.springframework.web.servlet.view.InternalResourceViewResolver">
		<property name="prefix">
			<value>/WEB-INF/views/</value>
		</property>
		<property name="suffix">
			<value>.jsp</value>
		</property>
	</bean>
	
	<!-- 파일 업로드 -->
<bean id="multipartResolver" class="org.springframework.web.multipart.commons.CommonsMultipartResolver">
	<property name="maxUploadSize" value="10485760"></property>
	<property name="defaultEncoding" value="UTF-8"></property>
</bean>
	
</beans>
