<?xml version="1.0" encoding="UTF-8"?>
<beans xmlns="http://www.springframework.org/schema/beans"
	xmlns:context="http://www.springframework.org/schema/context"
	xmlns:xsi="http://www.w3.org/2001/XMLSchema-instance"
	xmlns:security="http://www.springframework.org/schema/security"
	xsi:schemaLocation="http://www.springframework.org/schema/security http://www.springframework.org/schema/security/spring-security.xsd
		http://www.springframework.org/schema/beans http://www.springframework.org/schema/beans/spring-beans.xsd
		http://www.springframework.org/schema/context http://www.springframework.org/schema/context/spring-context.xsd">
 
 <!-- Security Intercept 는 순서가 중요하다. -->
 <!-- 작은 것 -> 큰 것 -->
 <security:http use-expressions="true" auto-config="true">
		<security:csrf disabled="true" />
    <security:intercept-url pattern="/login/loginForm.do" access="permitAll" />
    <security:intercept-url pattern="/home.do" access="permitAll" />
    <security:intercept-url pattern="/admin/**" access="hasRole('ROLE_ADMIN')" />
    <security:intercept-url pattern="/**" access="hasAnyRole('ROLE_USER,ROLE_ADMIN')" />
    
    <security:form-login 
                login-page="/login/loginForm.do"
                default-target-url="/home.do"
                authentication-failure-url="/login/loginForm.do?error"
                username-parameter="id"
                password-parameter="password" />
    <security:logout logout-url="/logout"
            logout-success-url="/home.do" />
            
    <security:access-denied-handler error-page="/login/accessDenied.do" />
</security:http>

<security:authentication-manager>
    <security:authentication-provider>
        <security:user-service>
            <security:user name="user" password="1004" authorities="ROLE_USER" />
            <security:user name="admin" password="1004" authorities="ROLE_ADMIN" />
        </security:user-service>
    </security:authentication-provider>
</security:authentication-manager>
 
</beans>


