<?xml version="1.0" encoding="UTF-8"?>
<beans xmlns="http://www.springframework.org/schema/beans"
	   xmlns:context="http://www.springframework.org/schema/context"
       xmlns:xsi="http://www.w3.org/2001/XMLSchema-instance"
       xsi:schemaLocation="http://www.springframework.org/schema/beans 
                           http://www.springframework.org/schema/beans/spring-beans.xsd
                           http://www.springframework.org/schema/context 
                           http://www.springframework.org/schema/context/spring-context.xsd">

<context:annotation-config/>
<context:component-scan base-package="ncontroller"/>
<context:component-scan base-package="dao"/>
<context:component-scan base-package="service"/>

<!-- 파일 업로드 -->
<bean id="multipartResolver" class="org.springframework.web.multipart.commons.CommonsMultipartResolver">
	<property name="maxUploadSize" value="10485760"></property>
	<property name="defaultEncoding" value="UTF-8"></property>
</bean>
<!--  -->
</beans>